SourcePort,DestPort,FlowDuration,TotalFwdPackets,TotalBwdPackets,BwdInitWinBytes,FwdInitWinBytes,StartTime,Label,Label
53063,443,0.9338629245758057,6.0,9.0,16384,513,1701220429.791587,Non-Tor,Browsing
53112,443,122.71698093414307,16.0,13.0,8192,64240,1701220429.812016,Non-Tor,Browsing
53034,443,314.97898602485657,9.0,12.0,59,510,1701220430.073699,Non-Tor,Browsing
52986,443,301.13785099983215,10.0,5.0,7260,510,1701220432.388184,Non-Tor,Browsing
53124,443,221.32781505584717,14.0,15.0,65535,64240,1701220442.910531,Non-Tor,Browsing
53074,443,0.06478500366210938,2.0,2.0,16384,510,1701220443.034091,Non-Tor,Browsing
53125,443,60.822160959243774,11.0,11.0,65535,64240,1701220443.034476,Non-Tor,Browsing
52973,443,315.1828348636627,16.0,8.0,8066,511,1701220445.617288,Non-Tor,Browsing
53127,443,90.52394509315491,13.0,12.0,65535,64240,1701220445.684855,Non-Tor,Browsing
53019,443,320.14762115478516,18.0,9.0,2046,511,1701220446.902669,Non-Tor,Browsing
53060,443,0.0,1.0,2.0,16382,514,1701220456.834711,Non-Tor,Browsing
53059,443,0.0,1.0,2.0,16384,513,1701220456.992636,Non-Tor,Browsing
52966,443,280.79499912261963,16.0,8.0,2044,514,1701220459.073391,Non-Tor,Browsing
53086,443,0.06740403175354004,2.0,1.0,16380,513,1701220478.750606,Non-Tor,Browsing
53193,443,60.744680881500244,11.0,11.0,65535,64240,1701220503.781892,Non-Tor,Browsing
53197,443,90.57280993461609,13.0,14.0,65535,64240,1701220506.50833,Non-Tor,Browsing
53272,443,60.538114070892334,12.0,14.0,65535,64240,1701220564.468577,Non-Tor,Browsing
53357,443,60.39481806755066,12.0,15.0,65535,64240,1701220624.943925,Non-Tor,Browsing
53472,443,60.32505798339844,9.0,10.0,65535,64240,1701220685.284678,Non-Tor,Browsing
53519,443,0.27818989753723145,8.0,7.0,65535,64240,1701220743.612421,Non-Tor,Browsing
53522,443,0.8441858291625977,9.0,9.0,65535,64240,1701220745.561253,Non-Tor,Browsing
53523,443,0.570918083190918,12.0,9.0,65535,64240,1701220746.143317,Non-Tor,Browsing
53019,443,440.14770102500916,24.0,12.0,2044,509,1701220846.888777,Non-Tor,Browsing
52973,443,450.22415709495544,22.0,11.0,7682,511,1701220850.695555,Non-Tor,Browsing
52986,443,240.13165807724,4.0,2.0,8192,513,1701220855.925154,Non-Tor,Browsing
52966,443,441.30629205703735,24.0,12.0,2048,512,1701220860.016337,Non-Tor,Browsing
53034,443,434.9162290096283,12.0,16.0,59,514,1701220865.052629,Non-Tor,Browsing
53613,443,90.667160987854,12.0,12.0,65535,64240,1701220866.527213,Non-Tor,Browsing
53568,443,0.06923890113830566,2.0,2.0,16384,510,1701220866.62649,Non-Tor,Browsing
53614,443,60.45532298088074,11.0,13.0,65535,64240,1701220866.626738,Non-Tor,Browsing
53615,443,90.81481385231018,13.0,13.0,65535,64240,1701220867.020095,Non-Tor,Browsing
443,53519,120.07663202285767,4.0,3.0,513,16384,1701220874.49336,Non-Tor,Browsing
53566,443,0.05984807014465332,2.0,2.0,2049,511,1701220880.946065,Non-Tor,Browsing
53800,443,421.71030592918396,1131.0,1402.0,42340,64240,1701220897.442578,Non-Tor,Browsing
53835,443,60.34385418891907,11.0,9.0,65535,64240,1701220927.017279,Non-Tor,Browsing
53872,443,106.7265100479126,14.0,11.0,65535,64240,1701220943.792844,Non-Tor,Browsing
53903,443,1.0824940204620361,18.0,18.0,65535,64240,1701220980.148102,Non-Tor,Browsing
53912,443,60.45414900779724,11.0,16.0,65535,64240,1701220987.407713,Non-Tor,Browsing
53958,443,110.04543900489807,11.0,8.0,65535,65535,1701221023.614973,Non-Tor,Browsing
53112,443,237.62610411643982,3.0,2.0,7895,512,1701221040.055671,Non-Tor,Browsing
53988,443,239.64929604530334,16.0,14.0,65535,64240,1701221044.1499,Non-Tor,Browsing
53998,443,92.18389797210693,18.0,15.0,65535,64240,1701221046.756115,Non-Tor,Browsing
53999,443,90.55403304100037,8.0,8.0,65535,64240,1701221046.877933,Non-Tor,Browsing
54002,443,60.33648419380188,9.0,10.0,65535,64240,1701221047.799656,Non-Tor,Browsing
54063,443,60.4230580329895,12.0,17.0,65535,64240,1701221108.074274,Non-Tor,Browsing
54155,443,60.3579888343811,9.0,9.0,65535,64240,1701221168.43706,Non-Tor,Browsing
54198,443,0.6145420074462891,11.0,9.0,65535,65535,1701221225.901913,Non-Tor,Browsing
54200,443,91.42391395568848,15.0,15.0,65535,64240,1701221226.407361,Non-Tor,Browsing
54202,443,60.39377403259277,9.0,9.0,65535,64240,1701221228.716493,Non-Tor,Browsing
54240,443,0.49272799491882324,10.0,9.0,64240,64240,1701221277.840056,Non-Tor,Browsing
54246,443,0.5726559162139893,12.0,9.0,65535,64240,1701221286.540723,Non-Tor,Browsing
54247,443,0.6088728904724121,6.0,7.0,65535,64240,1701221286.675919,Non-Tor,Browsing
54251,443,0.27318906784057617,7.0,7.0,65535,64240,1701221289.050999,Non-Tor,Browsing
443,56310,237.47807598114014,7105.0,6180.0,510,21,1701226746.119785,Non-Tor,Browsing
56271,443,0.10995006561279297,2.0,1.0,501,515,1701226767.380223,Non-Tor,Browsing
56278,443,0.11551189422607422,2.0,1.0,501,510,1701226767.380454,Non-Tor,Browsing
56279,443,0.1157219409942627,2.0,1.0,501,510,1701226767.3806,Non-Tor,Browsing
56275,443,0.11576199531555176,2.0,1.0,501,510,1701226767.380708,Non-Tor,Browsing
56277,443,0.11582207679748535,2.0,1.0,501,510,1701226767.380813,Non-Tor,Browsing
56276,443,0.11526608467102051,2.0,1.0,501,510,1701226767.380923,Non-Tor,Browsing
56259,443,180.15274906158447,10.0,5.0,8108,512,1701226778.195272,Non-Tor,Browsing
56280,443,0.0,1.0,2.0,16384,513,1701226783.322892,Non-Tor,Browsing
56316,443,0.09219908714294434,2.0,2.0,16384,510,1701226798.219686,Non-Tor,Browsing
56449,443,60.494062185287476,12.0,13.0,65535,64240,1701226798.220528,Non-Tor,Browsing
56465,443,0.5052840709686279,11.0,11.0,8192,64240,1701226809.433461,Non-Tor,Browsing
56466,443,60.51651191711426,10.0,10.0,64240,64240,1701226809.627378,Non-Tor,Browsing
56467,443,0.9894938468933105,11.0,7.0,65535,65535,1701226809.976077,Non-Tor,Browsing
56468,443,0.989171028137207,11.0,8.0,65535,65535,1701226809.976124,Non-Tor,Browsing
56291,443,0.0961768627166748,2.0,1.0,16384,1022,1701226814.617773,Non-Tor,Browsing
56515,443,60.495200872421265,11.0,13.0,65535,64240,1701226858.60661,Non-Tor,Browsing
56568,443,0.3704349994659424,9.0,6.0,65535,65535,1701226911.425611,Non-Tor,Browsing
56594,443,60.4541540145874,10.0,11.0,65535,64240,1701226919.053653,Non-Tor,Browsing
56606,443,45.57332992553711,13.0,10.0,65535,64240,1701226924.799132,Non-Tor,Browsing
56266,443,0.0,1.0,1.0,7705,511,1701226934.822412,Non-Tor,Browsing
56644,443,0.34268999099731445,9.0,10.0,65535,64240,1701226979.458681,Non-Tor,Browsing
56648,443,0.10180902481079102,3.0,2.0,65535,65535,1701226984.382476,Non-Tor,Browsing
56649,443,0.0,1.0,1.0,65535,65535,1701226984.659424,Non-Tor,Browsing
443,56707,243.70477080345154,3908.0,3139.0,515,21,1701227033.136974,Non-Tor,Browsing
56568,443,0.06749391555786133,2.0,1.0,16384,1022,1701227034.606848,Non-Tor,Browsing
56644,443,0.07648897171020508,2.0,2.0,16384,510,1701227039.814587,Non-Tor,Browsing
56713,443,60.52097797393799,11.0,13.0,65535,64240,1701227039.814971,Non-Tor,Browsing
56259,443,225.21150994300842,12.0,6.0,7854,513,1701227048.231523,Non-Tor,Browsing
56465,443,0.0,1.0,1.0,7990,514,1701227054.904402,Non-Tor,Browsing
56649,443,0.15339899063110352,2.0,1.0,16379,1022,1701227094.240968,Non-Tor,Browsing
56796,443,60.4657199382782,11.0,13.0,65535,64240,1701227100.270108,Non-Tor,Browsing
56872,443,60.483726024627686,12.0,14.0,65535,64240,1701227160.635177,Non-Tor,Browsing
56266,443,0.1083071231842041,2.0,1.0,7606,511,1701227169.640339,Non-Tor,Browsing
56984,443,0.26531410217285156,7.0,8.0,65535,64240,1701227221.058286,Non-Tor,Browsing
57145,443,5.499718904495239,13.0,15.0,65535,65535,1701227310.502568,Non-Tor,Browsing
57149,443,0.3560950756072998,15.0,10.0,65535,65535,1701227311.718921,Non-Tor,Browsing
57160,443,120.83032202720642,32.0,37.0,64240,65535,1701227315.182595,Non-Tor,Browsing
57165,443,269.79880714416504,3472.0,4142.0,42340,64240,1701227316.696976,Non-Tor,Browsing
56259,443,270.17503595352173,14.0,7.0,7596,515,1701227318.297374,Non-Tor,Browsing
57129,443,45.070576906204224,2.0,3.0,16382,510,1701227330.170196,Non-Tor,Browsing
57125,443,0.06498599052429199,2.0,2.0,16384,510,1701227341.72203,Non-Tor,Browsing
57182,443,60.43178606033325,12.0,14.0,65535,64240,1701227341.722812,Non-Tor,Browsing
57421,443,60.432945013046265,10.0,12.0,65535,64240,1701227402.223989,Non-Tor,Browsing
56266,443,164.50400805473328,5.0,3.0,7606,510,1701227414.721634,Non-Tor,Browsing
57545,443,60.4207980632782,10.0,11.0,65535,64240,1701227462.603806,Non-Tor,Browsing
57580,80,1.6495099067687988,5.0,5.0,64240,64240,1701227510.318344,Non-Tor,Browsing
57590,443,60.44511604309082,11.0,12.0,65535,64240,1701227522.969438,Non-Tor,Browsing
56465,443,0.0,1.0,1.0,7990,514,1701227545.076575,Non-Tor,Browsing
57637,80,0.42717695236206055,6.0,5.0,64240,64240,1701227579.375773,Non-Tor,Browsing
57639,443,0.3329451084136963,10.0,10.0,65535,64240,1701227583.321728,Non-Tor,Browsing
443,57745,271.1608028411865,584.0,466.0,512,84,1701227926.393165,Non-Tor,Browsing
56266,443,214.78032207489014,5.0,3.0,7108,513,1701227930.364269,Non-Tor,Browsing
57869,443,0.5483839511871338,3.0,2.0,16384,510,1701227945.81099,Non-Tor,Browsing
57911,443,60.96556997299194,10.0,11.0,65535,64240,1701227945.811721,Non-Tor,Browsing
56259,443,225.14184999465942,13.0,7.0,6994,513,1701227948.426315,Non-Tor,Browsing
57973,443,90.79332900047302,13.0,14.0,65535,64240,1701228004.81528,Non-Tor,Browsing
57975,443,60.77076506614685,13.0,14.0,65535,64240,1701228006.834291,Non-Tor,Browsing
56465,443,0.0,1.0,1.0,7891,514,1701228017.603645,Non-Tor,Browsing
58013,443,61.14597702026367,11.0,12.0,65535,64240,1701228067.182777,Non-Tor,Browsing
58051,443,60.56912803649902,10.0,11.0,65535,64240,1701228128.217448,Non-Tor,Browsing
58109,443,0.2597780227661133,7.0,7.0,65535,64240,1701228188.724691,Non-Tor,Browsing
443,58147,135.61764979362488,13.0,10.0,1024,16382,1701228236.936901,Non-Tor,Browsing
58140,443,0.1644289493560791,4.0,3.0,16384,1019,1701228241.15289,Non-Tor,Browsing
58157,443,0.31124401092529297,13.0,15.0,65535,65535,1701228244.317799,Non-Tor,Browsing
58159,443,0.30316996574401855,15.0,16.0,65535,65535,1701228244.632095,Non-Tor,Browsing
58164,443,485.3974459171295,802.0,1077.0,42340,64240,1701228246.513631,Non-Tor,Browsing
58109,443,0.06525588035583496,2.0,2.0,16384,510,1701228249.021893,Non-Tor,Browsing
58166,443,60.37597584724426,12.0,14.0,65535,64240,1701228249.022591,Non-Tor,Browsing
56465,443,245.09871196746826,2.0,2.0,7891,514,1701228262.683384,Non-Tor,Browsing
56259,443,450.17021107673645,23.0,12.0,8106,514,1701228263.468318,Non-Tor,Browsing
58188,443,112.06799912452698,13.0,6.0,65535,65535,1701228279.532136,Non-Tor,Browsing
58207,443,60.439263105392456,12.0,14.0,65535,64240,1701228309.346767,Non-Tor,Browsing
58244,443,60.69176912307739,9.0,9.0,65535,64240,1701228369.684819,Non-Tor,Browsing
58246,443,91.1667959690094,13.0,13.0,65535,64240,1701228370.828857,Non-Tor,Browsing
56266,443,251.24562096595764,4.0,2.0,6906,511,1701228390.109074,Non-Tor,Browsing
58289,443,60.5327889919281,11.0,12.0,65535,64240,1701228430.31465,Non-Tor,Browsing
58322,443,109.99802422523499,12.0,8.0,65535,65535,1701228481.791803,Non-Tor,Browsing
58329,443,60.3968551158905,9.0,10.0,65535,64240,1701228490.730229,Non-Tor,Browsing
58380,443,60.42960596084595,10.0,11.0,65535,64240,1701228551.074861,Non-Tor,Browsing
58428,443,60.41372609138489,11.0,12.0,65535,64240,1701228611.44307,Non-Tor,Browsing
58476,443,60.40929102897644,9.0,9.0,65535,64240,1701228671.908743,Non-Tor,Browsing
58506,443,0.3592841625213623,7.0,10.0,65535,64240,1701228703.182685,Non-Tor,Browsing
58507,443,1.223984956741333,12.0,27.0,65535,64240,1701228703.656336,Non-Tor,Browsing
58513,443,0.7648251056671143,10.0,8.0,65535,65535,1701228711.549625,Non-Tor,Browsing
58523,443,0.8522970676422119,11.0,10.0,65535,64240,1701228725.839017,Non-Tor,Browsing
58527,443,0.3496420383453369,9.0,12.0,65535,64240,1701228732.240236,Non-Tor,Browsing
58596,443,0.25873613357543945,11.0,13.0,65535,65535,1701228806.270767,Non-Tor,Browsing
58599,443,332.90981006622314,820.0,984.0,42340,64240,1701228810.249333,Non-Tor,Browsing
58523,443,0.0,1.0,2.0,16384,513,1701228816.673649,Non-Tor,Browsing
58513,443,0.13531780242919922,2.0,1.0,16384,1021,1701228821.431934,Non-Tor,Browsing
58550,443,0.06985616683959961,2.0,1.0,501,515,1701228828.332218,Non-Tor,Browsing
56259,443,270.9478671550751,26.0,11.0,7547,513,1701228848.532847,Non-Tor,Browsing
58570,443,0.08835816383361816,2.0,2.0,16384,510,1701228853.024468,Non-Tor,Browsing
58642,443,60.60736799240112,10.0,12.0,65535,64240,1701228853.024713,Non-Tor,Browsing
58507,443,0.1784069538116455,2.0,1.0,16384,513,1701228864.610093,Non-Tor,Browsing
56266,443,212.8651418685913,4.0,2.0,6906,511,1701228886.424838,Non-Tor,Browsing
58564,443,0.7698521614074707,3.0,1.0,16384,1021,1701228894.22641,Non-Tor,Browsing
58684,443,60.68682885169983,10.0,12.0,65535,64240,1701228913.552947,Non-Tor,Browsing
58730,443,60.698200941085815,12.0,14.0,65535,64240,1701228974.175273,Non-Tor,Browsing
56465,443,0.0,1.0,1.0,7891,514,1701228998.084402,Non-Tor,Browsing
58775,443,60.47582483291626,10.0,12.0,65535,64240,1701229034.80991,Non-Tor,Browsing
58827,443,45.53064799308777,12.0,10.0,65535,64240,1701229084.914443,Non-Tor,Browsing
58828,443,45.70494794845581,13.0,12.0,65535,64240,1701229085.384227,Non-Tor,Browsing
58845,443,0.2890200614929199,10.0,13.0,65535,64240,1701229095.230583,Non-Tor,Browsing
58934,443,6.580657005310059,26.0,52.0,65535,65535,1701229206.046021,Non-Tor,Browsing
58936,443,1.305898904800415,11.0,11.0,65535,65535,1701229206.140721,Non-Tor,Browsing
58937,443,0.45772385597229004,14.0,12.0,65535,65535,1701229206.893047,Non-Tor,Browsing
56259,443,1170.2869338989258,78.0,42.0,7203,513,1701229208.631412,Non-Tor,Browsing
58951,443,0.3186299800872803,13.0,14.0,65535,65535,1701229212.454015,Non-Tor,Browsing
58900,443,0.07603907585144043,2.0,2.0,16384,515,1701229215.906246,Non-Tor,Browsing
58954,443,60.73439311981201,12.0,14.0,65535,64240,1701229215.906895,Non-Tor,Browsing
58962,443,1173.8525249958038,1112.0,1390.0,42340,64240,1701229223.97415,Non-Tor,Browsing
58997,443,60.9435760974884,10.0,11.0,65535,64240,1701229276.317118,Non-Tor,Browsing
59059,443,60.35295104980469,9.0,9.0,65535,64240,1701229337.323777,Non-Tor,Browsing
56266,443,916.9746670722961,6.0,5.0,6805,511,1701229344.247608,Non-Tor,Browsing
59097,443,60.70235085487366,11.0,13.0,65535,64240,1701229397.597953,Non-Tor,Browsing
56465,443,983.4826240539551,6.0,5.0,7792,513,1701229400.373494,Non-Tor,Browsing
59129,443,90.81881594657898,13.0,12.0,65535,64240,1701229445.003772,Non-Tor,Browsing
59137,443,60.59870004653931,11.0,13.0,65535,64240,1701229458.218839,Non-Tor,Browsing
59176,443,61.67518997192383,11.0,12.0,65535,64240,1701229518.584306,Non-Tor,Browsing
59215,443,61.93859791755676,11.0,10.0,65535,64240,1701229579.367629,Non-Tor,Browsing
59254,443,61.609715938568115,12.0,11.0,65535,64240,1701229640.91325,Non-Tor,Browsing
59342,443,60.79891800880432,10.0,11.0,65535,64240,1701229702.439394,Non-Tor,Browsing
59406,443,60.44336986541748,11.0,13.0,65535,64240,1701229763.164827,Non-Tor,Browsing
59448,443,90.89349102973938,14.0,11.0,65535,64240,1701229804.921333,Non-Tor,Browsing
59449,443,90.63706183433533,8.0,8.0,65535,64240,1701229805.177761,Non-Tor,Browsing
59460,443,61.34153890609741,14.0,16.0,65535,64240,1701229823.544958,Non-Tor,Browsing
59502,443,61.07443690299988,11.0,12.0,65535,64240,1701229883.917428,Non-Tor,Browsing
59542,443,61.34302592277527,11.0,12.0,65535,64240,1701229944.478528,Non-Tor,Browsing
59580,443,60.604804039001465,10.0,12.0,65535,64240,1701230005.238865,Non-Tor,Browsing
59638,443,60.38396883010864,9.0,10.0,65535,64240,1701230065.769772,Non-Tor,Browsing
59649,443,110.10256910324097,13.0,8.0,65535,65535,1701230079.389628,Non-Tor,Browsing
59683,443,60.70897388458252,11.0,13.0,65535,64240,1701230126.063133,Non-Tor,Browsing
59712,443,91.26946496963501,14.0,14.0,65535,64240,1701230166.910221,Non-Tor,Browsing
59733,443,60.800857067108154,12.0,13.0,65535,64240,1701230186.697314,Non-Tor,Browsing
59759,443,0.5695898532867432,12.0,12.0,65535,64240,1701230223.763514,Non-Tor,Browsing
59780,443,60.748722076416016,10.0,9.0,65535,64240,1701230247.06323,Non-Tor,Browsing
59806,443,110.5547821521759,13.0,9.0,65535,65535,1701230281.633942,Non-Tor,Browsing
59822,443,60.66332292556763,10.0,11.0,65535,64240,1701230307.73446,Non-Tor,Browsing
59892,443,0.537402868270874,13.0,12.0,65535,64240,1701230355.094968,Non-Tor,Browsing
59895,443,0.3548159599304199,12.0,9.0,65535,64240,1701230357.641078,Non-Tor,Browsing
59896,443,0.3189849853515625,8.0,10.0,64240,64240,1701230357.687211,Non-Tor,Browsing
59897,443,0.3483541011810303,8.0,10.0,64240,64240,1701230357.98487,Non-Tor,Browsing
59901,443,0.9145159721374512,14.0,12.0,65535,64240,1701230358.745765,Non-Tor,Browsing
59904,443,0.526494026184082,13.0,12.0,65535,64240,1701230362.069822,Non-Tor,Browsing
59908,443,0.29566192626953125,9.0,12.0,65535,64240,1701230368.34382,Non-Tor,Browsing
59912,443,0.5259590148925781,13.0,10.0,65535,64240,1701230370.922138,Non-Tor,Browsing
52708,443,186.8960690498352,196.0,302.0,1986,21505,1701221536.43802,Tor,Browsing
443,52620,179.26239013671875,11.0,11.0,2048,70,1701221539.134399,Tor,Browsing
52695,443,22.04101300239563,2.0,2.0,2046,4096,1701221540.180838,Tor,Browsing
443,52704,0.0,1.0,1.0,25913,42,1701221551.912497,Tor,Browsing
52703,443,104.60212707519531,6.0,5.0,134,2051,1701221552.974365,Tor,Browsing
52715,443,150.74050498008728,37.0,27.0,65535,65535,1701221562.338665,Tor,Browsing
60283,80,0.06538105010986328,2.0,1.0,131,2048,1701221573.895964,Tor,Browsing
60284,80,0.11583900451660156,4.0,4.0,65535,65535,1701221705.788208,Tor,Browsing
60285,443,5.122068166732788,15.0,20.0,62643,65535,1701221708.892228,Tor,Browsing
52735,443,0.2225329875946045,18.0,15.0,26847,65535,1701221723.787004,Tor,Browsing
52736,443,0.16682791709899902,12.0,7.0,65535,65535,1701221723.906569,Tor,Browsing
443,52708,474.32760190963745,755.0,669.0,21497,1994,1701222036.298706,Tor,Browsing
52620,443,75.00984907150269,8.0,9.0,70,2048,1701222063.432523,Tor,Browsing
52770,443,121.56672692298889,11.0,11.0,501,2048,1701222066.554198,Tor,Browsing
52772,443,427.388160943985,63.0,48.0,16387,2048,1701222067.665801,Tor,Browsing
52776,443,195.07150101661682,9.0,9.0,134,2051,1701222069.103578,Tor,Browsing
52781,443,0.5825920104980469,17.0,19.0,65535,65535,1701222116.006503,Tor,Browsing
52782,443,0.8212630748748779,16.0,16.0,26847,65535,1701222116.616885,Tor,Browsing
52783,443,0.6100690364837646,12.0,12.0,26847,65535,1701222117.286347,Tor,Browsing
52784,443,0.8408398628234863,12.0,11.0,26847,65535,1701222118.098678,Tor,Browsing
52789,443,360.2104971408844,29.0,26.0,65535,65535,1701222138.652952,Tor,Browsing
52791,443,120.27143597602844,20.0,18.0,65535,65535,1701222175.914478,Tor,Browsing
52792,443,119.1107280254364,103.0,217.0,65535,65535,1701222176.082799,Tor,Browsing
52793,443,117.90949416160583,30.0,25.0,65535,65535,1701222178.276578,Tor,Browsing
52798,443,91.02322101593018,13.0,15.0,65535,65535,1701222207.749831,Tor,Browsing
52802,443,242.55797410011292,29.0,26.0,65535,65535,1701222235.406332,Tor,Browsing
52803,443,245.86270189285278,36.0,32.0,65535,65535,1701222259.393923,Tor,Browsing
60287,443,1.1973509788513184,66.0,43.0,62643,65535,1701222280.963883,Tor,Browsing
60288,443,0.6959061622619629,26.0,29.0,62643,65535,1701222280.970995,Tor,Browsing
60289,80,61.03838491439819,6.0,4.0,65535,65535,1701222281.105489,Tor,Browsing
60290,443,0.7831640243530273,36.0,33.0,62643,65535,1701222281.469011,Tor,Browsing
60291,80,31.041152954101562,6.0,4.0,65535,65535,1701222313.32702,Tor,Browsing
52813,443,180.6362178325653,16.0,11.0,65535,65535,1701222323.926983,Tor,Browsing
60292,443,31.728720903396606,36.0,44.0,65535,65535,1701222328.865896,Tor,Browsing
443,52848,15.358992099761963,2.0,3.0,2047,506,1701222970.943035,Tor,Browsing
52708,443,446.6381800174713,333.0,343.0,1994,21505,1701222973.123854,Tor,Browsing
443,52789,14.412569046020508,10.0,10.0,2048,70,1701222978.855669,Tor,Browsing
52852,443,1.2134451866149902,17.0,13.0,65535,65535,1701222992.286383,Tor,Browsing
52853,443,1.173309087753296,17.0,13.0,26847,65535,1701222992.334147,Tor,Browsing
52849,443,0.055635929107666016,2.0,1.0,134,2051,1701222993.433008,Tor,Browsing
52803,443,0.0740048885345459,2.0,1.0,323,2048,1701222993.433321,Tor,Browsing
52859,443,0.09756112098693848,3.0,2.0,65535,65535,1701223022.430028,Tor,Browsing
52860,443,90.61416602134705,17.0,17.0,65535,65535,1701223022.609638,Tor,Browsing
52868,443,231.52537417411804,46.0,34.0,65535,65535,1701223178.212823,Tor,Browsing
52869,443,90.58870506286621,11.0,11.0,65535,65535,1701223178.329134,Tor,Browsing
443,52708,571.95263504982,323.0,314.0,21497,1994,1701223548.141552,Tor,Browsing
52888,443,280.8901069164276,47.0,39.0,65535,65535,1701223595.056348,Tor,Browsing
52889,443,90.53989005088806,11.0,11.0,65535,65535,1701223595.166602,Tor,Browsing
52916,443,90.69929099082947,19.0,15.0,65535,65535,1701223920.811382,Tor,Browsing
52922,443,0.2864670753479004,16.0,18.0,65535,65535,1701223979.210784,Tor,Browsing
52923,443,0.6929531097412109,92.0,215.0,65535,65535,1701223979.501814,Tor,Browsing
52924,443,0.5982370376586914,28.0,21.0,65535,65535,1701223980.329787,Tor,Browsing
60293,443,0.6339480876922607,25.0,27.0,62643,65535,1701224087.020349,Tor,Browsing
60294,443,0.5963239669799805,21.0,17.0,62643,65535,1701224087.063328,Tor,Browsing
60295,443,0.5372350215911865,30.0,25.0,62643,65535,1701224087.506408,Tor,Browsing
60296,80,0.08054995536804199,4.0,3.0,65535,65535,1701224105.929223,Tor,Browsing
60297,443,0.6564948558807373,14.0,16.0,65535,65535,1701224109.731028,Tor,Browsing
443,52708,622.5934450626373,4514.0,2224.0,21497,1994,1701224819.310926,Tor,Browsing
53007,443,149.23466396331787,30.0,27.0,65535,65535,1701224836.874155,Tor,Browsing
53037,443,90.67954206466675,19.0,15.0,65535,65535,1701225131.65835,Tor,Browsing
60298,443,120.72821807861328,20.0,29.0,62643,65535,1701225198.396957,Tor,Browsing
60299,443,120.28730297088623,12.0,14.0,62643,65535,1701225198.853883,Tor,Browsing
53103,443,122.40775179862976,26.0,24.0,65535,65535,1701225273.94635,Tor,Browsing
60300,443,60.67898201942444,22.0,23.0,62643,65535,1701225277.954237,Tor,Browsing
443,52708,135.1606969833374,5912.0,2057.0,21497,1994,1701226221.425887,Non-Tor,Browsing
52708,443,334.44342494010925,3950.0,10211.0,1985,21505,1701226455.549226,Non-Tor,Browsing
53503,443,45.25017499923706,2.0,3.0,16383,2048,1701226471.81165,Non-Tor,Browsing
53505,443,45.21830916404724,2.0,3.0,16386,2048,1701226473.097848,Non-Tor,Browsing
53504,443,53.14990592002869,3.0,4.0,16385,2048,1701226473.439357,Non-Tor,Browsing
53541,443,90.73744702339172,16.0,16.0,65535,65535,1701226529.613403,Non-Tor,Browsing
53542,443,91.11305212974548,10.0,11.0,65535,65535,1701226529.738956,Non-Tor,Browsing
53543,443,92.2657060623169,305.0,131.0,65535,65535,1701226530.174252,Non-Tor,Browsing
53546,443,93.50463390350342,75.0,41.0,65535,65535,1701226532.75059,Non-Tor,Browsing
53551,443,210.53457403182983,54.0,38.0,65535,65535,1701226553.951986,Non-Tor,Browsing
53552,443,90.76068997383118,12.0,12.0,65535,65535,1701226554.071186,Non-Tor,Browsing
443,52708,135.1606969833374,5912.0,2057.0,21497,1994,1701226221.425887,Non-Tor,Browsing
52708,443,334.44342494010925,3950.0,10211.0,1985,21505,1701226455.549226,Non-Tor,Browsing
53503,443,45.25017499923706,2.0,3.0,16383,2048,1701226471.81165,Non-Tor,Browsing
53505,443,45.21830916404724,2.0,3.0,16386,2048,1701226473.097848,Non-Tor,Browsing
53504,443,53.14990592002869,3.0,4.0,16385,2048,1701226473.439357,Non-Tor,Browsing
53541,443,90.73744702339172,16.0,16.0,65535,65535,1701226529.613403,Non-Tor,Browsing
53542,443,91.11305212974548,10.0,11.0,65535,65535,1701226529.738956,Non-Tor,Browsing
53543,443,92.2657060623169,305.0,131.0,65535,65535,1701226530.174252,Non-Tor,Browsing
53546,443,93.50463390350342,75.0,41.0,65535,65535,1701226532.75059,Non-Tor,Browsing
53551,443,210.53457403182983,54.0,38.0,65535,65535,1701226553.951986,Non-Tor,Browsing
53552,443,90.76068997383118,12.0,12.0,65535,65535,1701226554.071186,Non-Tor,Browsing
443,52708,205.04276704788208,7394.0,2953.0,21497,1994,1701226896.28945,Non-Tor,Browsing
60303,443,180.4939751625061,17.0,19.0,62643,65535,1701226907.859469,Non-Tor,Browsing
443,52708,167.52055978775024,6727.0,2998.0,21497,1985,1701227459.355657,Non-Tor,Browsing
54146,443,90.88978099822998,11.0,10.0,65535,65535,1701227509.579794,Non-Tor,Browsing
54147,443,114.78200888633728,33.0,26.0,65535,65535,1701227509.647447,Non-Tor,Browsing
443,52708,184.20925402641296,6483.0,2698.0,21505,2541,1701227704.215762,Non-Tor,Browsing
60304,443,0.8888161182403564,12.0,13.0,62643,65535,1701227706.129835,Non-Tor,Browsing
60305,443,0.6869621276855469,30.0,29.0,62643,65535,1701227706.131219,Non-Tor,Browsing
60306,443,0.6314201354980469,32.0,27.0,62643,65535,1701227706.615866,Non-Tor,Browsing
54147,443,35.831032037734985,6.0,2.0,16385,2048,1701227715.120422,Non-Tor,Browsing
54347,443,129.63997387886047,35.0,25.0,65535,65535,1701227751.141396,Non-Tor,Browsing
60307,443,30.506780862808228,27.0,26.0,65160,65535,1701227768.675513,Non-Tor,Browsing
54495,443,0.5631210803985596,46.0,109.0,65535,65535,1701227879.752905,Non-Tor,Browsing
54223,443,121.21475099999998,19,15,15,4164,1644.180729,Non-Tor,Browsing
54305,443,241.01649500000008,20,19,19,4364,1792.264486,Non-Tor,Browsing
54191,443,3.7176170000000184,49,45,45,12500,1592.592514,Non-Tor,Browsing
53461,443,3.3479260000000153,54,61,61,12829,124.892085,Non-Tor,Browsing
54467,443,2.802668000000267,55,58,58,12865,2226.78617,Non-Tor,Browsing
53864,443,3.68946799999992,36,43,43,11705,885.613181,Non-Tor,Browsing
53839,443,0.3127990000000409,13,15,15,2656,857.10183,Non-Tor,Browsing
53840,443,0.18324599999994007,15,17,17,3201,857.429068,Non-Tor,Browsing
53841,443,0.31242600000007315,15,17,17,3293,857.61313,Non-Tor,Browsing
53843,443,0.1383299999999963,14,16,16,3082,857.996318,Non-Tor,Browsing
53848,443,0.21605299999998806,15,17,17,3293,863.763428,Non-Tor,Browsing
53849,443,0.19546500000001288,15,16,16,3148,864.076858,Non-Tor,Browsing
54221,443,13.973009999999931,13,29,29,1747,1643.886715,Non-Tor,Browsing
54222,443,0.09638300000005984,14,19,19,1787,1643.911593,Non-Tor,Browsing
53585,443,31.073575000000005,15,19,19,2176,407.184354,Non-Tor,Browsing
53584,443,0.10901300000000447,19,24,24,2470,407.003383,Non-Tor,Browsing
54192,443,44.783721000000014,13,22,22,1933,1593.181139,Non-Tor,Browsing
54193,443,44.744411999999784,12,22,22,1867,1593.219745,Non-Tor,Browsing
53586,443,13.913141999999993,19,33,33,5707,407.288165,Non-Tor,Browsing
53035,443,2631.524851,12035,44232,44232,3415754,0.129691,Non-Tor,Browsing
53558,443,0.12514099999998507,16,12,12,2983,358.636775,Non-Tor,Browsing
53559,443,0.07809599999995953,20,18,18,5336,358.682765,Non-Tor,Browsing
53603,443,0.13067499999999654,16,12,12,2983,429.34227,Non-Tor,Browsing
53604,443,0.0754880000000071,18,18,18,5204,429.39731,Non-Tor,Browsing
53638,443,0.1346820000000548,16,12,12,2983,481.406013,Non-Tor,Browsing
53640,443,0.08135700000002544,18,18,18,5204,481.458147,Non-Tor,Browsing
53718,443,0.11189999999999145,16,12,12,2983,629.804285,Non-Tor,Browsing
53719,443,0.06633399999998346,20,18,18,5336,629.849051,Non-Tor,Browsing
53741,443,0.12445099999990816,16,12,12,2983,688.775286,Non-Tor,Browsing
53742,443,0.07456600000000435,19,18,18,5270,688.824368,Non-Tor,Browsing
53783,443,0.11706700000002002,16,12,12,2983,759.439719,Non-Tor,Browsing
53784,443,0.07328499999994165,19,18,18,5270,759.482822,Non-Tor,Browsing
53810,443,0.11335599999995338,16,12,12,2983,811.548988,Non-Tor,Browsing
53811,443,0.06722899999999754,18,17,17,5204,811.593965,Non-Tor,Browsing
53831,443,0.15741500000001452,16,11,11,2983,846.450928,Non-Tor,Browsing
53832,443,0.07906800000000658,19,18,18,5270,846.52935,Non-Tor,Browsing
54000,443,0.1356839999998556,16,12,12,2983,1176.615825,Non-Tor,Browsing
54001,443,0.07934899999986555,18,18,18,5204,1176.67072,Non-Tor,Browsing
54025,443,0.15253500000017084,17,12,12,3049,1238.719449,Non-Tor,Browsing
54027,443,0.09365999999999985,18,17,17,5204,1238.778413,Non-Tor,Browsing
54110,443,0.08744499999988875,19,18,18,5270,1419.714973,Non-Tor,Browsing
54136,443,0.12475799999992887,16,12,12,2983,1471.784807,Non-Tor,Browsing
54204,443,0.0835739999999987,18,18,18,5204,1620.228399,Non-Tor,Browsing
54244,443,0.12469000000010055,16,12,12,2983,1679.129908,Non-Tor,Browsing
54245,443,0.07284200000003693,18,18,18,5204,1679.180885,Non-Tor,Browsing
54279,443,0.11759199999983139,16,11,11,2983,1749.788997,Non-Tor,Browsing
54280,443,0.06823499999995875,19,18,18,5270,1749.837765,Non-Tor,Browsing
54308,443,0.12731400000006943,16,12,12,2983,1801.896364,Non-Tor,Browsing
54412,443,0.15102299999989555,16,12,12,2983,2079.859244,Non-Tor,Browsing
54413,443,0.10024599999997008,20,18,18,5336,2079.909219,Non-Tor,Browsing
54436,443,0.17573600000014267,16,13,13,2983,2132.005119,Non-Tor,Browsing
54437,443,0.11109600000008868,19,17,17,5270,2132.069842,Non-Tor,Browsing
54447,443,0.24704799999972238,16,12,12,2983,2166.938489,Non-Tor,Browsing
54448,443,0.18620200000032128,19,18,18,5282,2166.999223,Non-Tor,Browsing
54469,443,0.12207699999999022,16,12,12,2983,2229.130348,Non-Tor,Browsing
54470,443,0.07837000000017724,18,18,18,5204,2229.174125,Non-Tor,Browsing
54492,443,0.12153299999999945,16,12,12,2983,2280.393134,Non-Tor,Browsing
54493,443,0.07054199999993216,18,18,18,5204,2280.443308,Non-Tor,Browsing
54606,443,0.07648699999981545,19,18,18,5270,2610.60557,Non-Tor,Browsing
53411,443,0.13698999999999728,16,13,13,2983,28.510273,Non-Tor,Browsing
53412,443,0.09031900000000093,20,18,18,5336,28.555327,Non-Tor,Browsing
53446,443,0.12761799999999823,16,12,12,2983,99.209825,Non-Tor,Browsing
53447,443,0.08035399999999981,21,18,18,5402,99.255977,Non-Tor,Browsing
53473,443,0.20207999999999515,16,11,11,2983,151.211327,Non-Tor,Browsing
53474,443,0.08540500000000861,18,18,18,5204,151.326146,Non-Tor,Browsing
53493,443,0.38116999999999734,16,13,13,2983,185.73203,Non-Tor,Browsing
53494,443,0.30709699999999884,22,19,19,5985,185.804456,Non-Tor,Browsing
53519,443,0.16681800000000635,16,12,12,2983,248.314494,Non-Tor,Browsing
53520,443,0.0686239999999998,21,17,17,5402,248.411502,Non-Tor,Browsing
53533,443,0.12056200000000672,16,12,12,2983,299.700727,Non-Tor,Browsing
53535,443,0.07448499999998148,20,17,17,5336,299.745834,Non-Tor,Browsing
53654,443,0.3630929999999353,16,12,12,2983,516.114451,Non-Tor,Browsing
53655,443,0.2938560000000052,21,17,17,5402,516.161068,Non-Tor,Browsing
53686,443,0.13267900000005284,16,12,12,2983,578.405131,Non-Tor,Browsing
53687,443,0.085933999999952,18,17,17,5204,578.450852,Non-Tor,Browsing
53881,443,0.147420000000011,16,12,12,2983,908.574303,Non-Tor,Browsing
53882,443,0.09005200000001423,20,17,17,5336,908.63177,Non-Tor,Browsing
53907,443,0.12372600000003331,16,12,12,2983,959.915269,Non-Tor,Browsing
53908,443,0.07771500000001197,20,18,18,5336,959.960461,Non-Tor,Browsing
53928,443,0.1324170000000322,17,12,12,3049,1018.903769,Non-Tor,Browsing
53929,443,0.07745299999999133,20,17,17,5336,1018.957893,Non-Tor,Browsing
53966,443,0.13475999999991473,17,12,12,3049,1089.510661,Non-Tor,Browsing
53967,443,0.07561200000009194,19,18,18,5270,1089.569861,Non-Tor,Browsing
53986,443,0.14607100000011997,16,12,12,2983,1141.629477,Non-Tor,Browsing
53987,443,0.09428200000002107,21,18,18,5402,1141.680446,Non-Tor,Browsing
54046,443,0.13048600000001898,16,12,12,2983,1290.056498,Non-Tor,Browsing
54047,443,0.07818599999995968,20,17,17,5336,1290.107673,Non-Tor,Browsing
54075,443,0.13566299999979492,16,12,12,2983,1349.019054,Non-Tor,Browsing
54076,443,0.07823400000006586,20,18,18,5336,1349.075672,Non-Tor,Browsing
54109,443,0.14287400000011985,16,12,12,2983,1419.661617,Non-Tor,Browsing
54137,443,0.07897700000012264,21,17,17,5402,1471.829892,Non-Tor,Browsing
54153,443,0.13244600000007267,16,12,12,2983,1506.713615,Non-Tor,Browsing
54154,443,0.08649700000000848,21,17,17,5402,1506.75817,Non-Tor,Browsing
54179,443,0.13048600000001898,16,11,11,2983,1568.841329,Non-Tor,Browsing
54180,443,0.0741929999999229,20,17,17,5336,1568.896805,Non-Tor,Browsing
54203,443,0.13435200000003533,16,12,12,2983,1620.177568,Non-Tor,Browsing
54309,443,0.08256700000015371,21,18,18,5402,1801.939471,Non-Tor,Browsing
54322,443,0.12512900000001537,16,12,12,2983,1836.836653,Non-Tor,Browsing
54323,443,0.07498099999997976,20,18,18,5336,1836.885376,Non-Tor,Browsing
54348,443,0.15412700000001678,16,12,12,2983,1898.960378,Non-Tor,Browsing
54349,443,0.09340899999983776,21,17,17,5402,1899.020236,Non-Tor,Browsing
54369,443,0.1384570000000167,16,12,12,2983,1950.264161,Non-Tor,Browsing
54370,443,0.07941500000015367,19,18,18,5270,1950.32234,Non-Tor,Browsing
54392,443,0.2063789999999699,16,12,12,2983,2009.244156,Non-Tor,Browsing
54393,443,0.1298580000000129,20,18,18,6574,2009.318628,Non-Tor,Browsing
54515,443,0.17252800000005664,16,12,12,2983,2339.452628,Non-Tor,Browsing
54516,443,0.12167799999997442,20,18,18,5336,2339.501066,Non-Tor,Browsing
54535,443,0.12188500000002023,16,11,11,2983,2409.99916,Non-Tor,Browsing
54537,443,0.07264699999996083,20,17,17,5336,2410.04738,Non-Tor,Browsing
54552,443,0.13582799999994677,16,12,12,2983,2462.150984,Non-Tor,Browsing
54554,443,0.08578799999986586,21,17,17,5402,2462.20002,Non-Tor,Browsing
54565,443,0.12837199999967197,16,12,12,2983,2497.155576,Non-Tor,Browsing
54566,443,0.07732800000030693,21,17,17,5402,2497.205811,Non-Tor,Browsing
54585,443,0.13101499999993393,16,12,12,2983,2559.246551,Non-Tor,Browsing
54586,443,0.08409000000028755,20,17,17,5336,2559.292634,Non-Tor,Browsing
54605,443,0.15715300000010757,16,12,12,2983,2610.52485,Non-Tor,Browsing
54572,443,0.12581700000009732,13,15,15,2000,2516.823345,Non-Tor,Browsing
53578,80,30.926063,6,4,4,766,402.206803,Non-Tor,Browsing
53579,80,30.924484000000007,6,4,4,759,402.20756,Non-Tor,Browsing
53034,443,2631.743021,25785,105602,105602,8242336,0,Non-Tor,Browsing
54147,80,30.965779999999995,6,5,5,672,1486.451493,Non-Tor,Browsing
54420,80,30.24040500000001,6,5,5,691,2096.056749,Non-Tor,Browsing
54440,80,30.99510999999984,6,5,5,672,2135.637162,Non-Tor,Browsing
55680,443,2.756011000000001,31,38,28013,5293,346.919917,Tor,Browsing
55682,443,3.3711470000000077,63,68,75021,13612,358.950907,Tor,Browsing
55631,443,0.1405399999999979,16,12,5484,2983,31.888882,Tor,Browsing
55632,443,0.08478500000000011,19,17,8112,5270,31.943411,Tor,Browsing
55642,443,0.13819999999999766,16,12,5484,2983,91.371984,Tor,Browsing
55643,443,0.09335900000000663,18,17,8112,5204,91.416055,Tor,Browsing
55651,443,0.14085500000001616,16,12,5484,2983,162.25697,Tor,Browsing
55652,443,0.085251999999997,18,18,8178,5204,162.312624,Tor,Browsing
55664,443,0.15352400000000443,15,11,5418,2917,248.97444,Tor,Browsing
55665,443,0.07576099999999997,18,18,8178,5204,249.051173,Tor,Browsing
55673,443,0.1372540000000413,16,12,5484,2983,310.712164,Tor,Browsing
55674,443,0.08076499999998532,18,16,8046,5204,310.768261,Tor,Browsing
55684,443,0.11411099999997987,16,11,5418,2983,362.028745,Tor,Browsing
55694,443,0.08108600000002752,20,17,8112,5336,421.568602,Tor,Browsing
55701,443,0.1944819999999936,16,12,5484,2983,492.398969,Tor,Browsing
55711,443,0.1086760000000595,18,18,8178,5204,544.190671,Tor,Browsing
55716,443,0.16581999999993968,16,12,5484,2983,579.122506,Tor,Browsing
55740,443,0.14912700000002133,16,12,5483,2983,751.658871,Tor,Browsing
55741,443,0.08544500000004973,20,19,9482,5348,751.722629,Tor,Browsing
55750,443,0.13992199999995591,16,12,5484,2983,822.569617,Tor,Browsing
55751,443,0.08241499999996904,19,19,9482,5282,822.624775,Tor,Browsing
55659,443,0.11886200000000713,16,12,5484,2983,214.031117,Tor,Browsing
55660,443,0.07568699999998785,20,18,8178,5336,214.073485,Tor,Browsing
55685,443,0.06755700000002207,21,17,8112,5402,362.075247,Tor,Browsing
55693,443,0.14388999999999896,16,13,5550,2983,421.507945,Tor,Browsing
55702,443,0.10616600000003018,19,17,8112,5270,492.487239,Tor,Browsing
55710,443,0.16909999999995762,16,12,5484,2983,544.130184,Tor,Browsing
55717,443,0.09359200000005785,20,17,8112,5336,579.194673,Tor,Browsing
55724,443,0.16799600000001647,16,11,5418,2983,640.797115,Tor,Browsing
55725,443,19.237854999999968,19,24,8766,5258,640.86149,Tor,Browsing
55731,443,0.15030699999999797,16,12,5483,2983,692.110469,Tor,Browsing
55732,443,0.09335999999996147,18,17,8112,5204,692.166745,Tor,Browsing
55626,443,0.018148999999993976,4,3,198,327,113.698712,Tor,Browsing
55316,443,817.6750930000001,2519,3116,1938478,839824,1.4428779999999999,Tor,Browsing
443,55315,823.197387,3730,3114,1030814,2397572,0,Tor,Browsing
